Time (s),Pressure (mmHg)
0,73.74476452
0.005,74.41263059
0.01,75.04401545
0.015,75.59621209
0.02,76.04474538
0.025,76.38436822
0.03,76.61783659
0.035,76.76725194
0.04,76.86634473
0.045,76.95879152
0.05,77.13672912
0.055,77.51037622
0.06,78.09415075
0.065,78.77582693
0.07,79.41995171
0.075,79.98888224
0.08,80.53818101
0.085,81.10676599
0.09,81.68439036
0.095,82.26649319
0.1,82.87005909
0.105,83.50363706
0.11,84.14635125
0.115,84.77696624
0.12,85.42556058
0.125,86.1682999
0.13,87.07646391
0.135,88.16979589
0.14,89.38335379
0.145,90.58495276
0.15,91.67117638
0.155,92.65773755
0.16,93.65586635
0.165,94.77511461
0.17,96.06910708
0.175,97.53209439
0.18,99.10705131
0.185,100.7024183
0.19,102.2186536
0.195,103.616647
0.2,104.9725141
0.205,106.4005733
0.21,107.9375031
0.215,109.5458898
0.22,111.183775
0.225,112.8224207
0.23,114.4404775
0.235,116.0472185
0.24,117.6586065
0.245,119.2053081
0.25,120.4975764
0.255,121.2944194
0.26,121.4223589
0.265,120.8824154
0.27,119.8540877
0.275,118.586553
0.28,117.273759
0.285,115.9772896
0.29,114.6538332
0.295,113.2824779
0.3,111.9262765
0.305,110.6489735
0.31,109.4456475
0.315,108.2903865
0.32,107.1936012
0.325,106.183429
0.33,105.2676567
0.335,104.4328155
0.34,103.6595361
0.345,102.9248471
0.35,102.2107011
0.355,101.5239655
0.36,100.8751112
0.365,100.2289438
0.37,99.51890524
0.375,98.72360085
0.38,97.89863184
0.385,97.12438815
0.39,96.45814266
0.395,95.9177247
0.4,95.45179806
0.405,94.97187365
0.41,94.44537175
0.415,93.90623812
0.42,93.418278
0.425,93.05051268
0.43,92.80175538
0.435,92.55514484
0.44,92.16232456
0.445,91.5658854
0.45,90.82649763
0.455,90.0449864
0.46,89.30141709
0.465,88.65768783
0.47,88.14772097
0.475,87.76682537
0.48,87.49828068
0.485,87.31843878
0.49,87.17166089
0.495,86.97973905
0.5,86.6757417
0.505,86.23657978
0.51,85.71927569
0.515,85.23203065
0.52,84.85041055
0.525,84.59507513
0.53,84.44502387
0.535,84.34145733
0.54,84.23208337
0.545,84.11062622
0.55,83.98838196
0.555,83.87062668
0.56,83.76652086
0.565,83.67556303
0.57,83.56967282
0.575,83.4043783
0.58,83.15318645
0.585,82.83488042
0.59,82.48977615
0.595,82.13744948
0.6,81.78279522
0.605,81.45629985
0.61,81.22196903
0.615,81.13118441
0.62,81.17021799
0.625,81.25354615
0.63,81.27600397
0.635,81.19684839
0.64,81.05814774
0.645,80.90607428
0.65,80.75226941
0.655,80.61310851
0.66,80.52345494
0.665,80.51169837
0.67,80.58083962
0.675,80.6978029
0.68,80.79043576
0.685,80.77804141
0.69,80.61872098
0.695,80.33067654
0.7,79.99073681
0.705,79.70187817
0.71,79.53795287
0.715,79.52295574
0.72,79.63240929
0.725,79.78688661
0.73,79.88898512
0.735,79.88887788
0.74,79.79794843
0.745,79.66677734
0.75,79.55420924
0.755,79.4995241
0.76,79.52202491
0.765,79.60252551
0.77,79.66197056
0.775,79.61156174
0.78,79.42530737
0.785,79.15730799
0.79,78.90361275
0.795,78.74437488
0.8,78.70670664
0.805,78.754924
0.81,78.81789967
0.815,78.85550734
0.82,78.87466444
0.825,78.87793772
0.83,78.85816538
0.835,78.82621511
0.84,78.79003865
0.845,78.72604494
0.85,78.6013874
0.855,78.42666493
0.86,78.25813196
0.865,78.13915924
0.87,78.08160505
0.875,78.09100428
0.88,78.17168177
0.885,78.33827326
0.89,78.6183344
0.895,79.01277549
0.9,79.47977561
0.905,79.95140378
0.91,80.36144272
0.915,80.7053666
0.92,81.06447152
0.925,81.53003396
0.93,82.11973754
0.935,82.77800004
0.94,83.42524017
0.945,84.02025347
0.95,84.60675908
0.955,85.27731351
0.96,86.07678024
0.965,86.96566463
0.97,87.88116819
0.975,88.78477838
0.98,89.64425411
0.985,90.43604626
0.99,91.18225428
0.995,91.93960539
1,92.75769908
1.005,93.6833139
1.01,94.75493844
1.015,95.95788516
1.02,97.23590283
1.025,98.54597845
1.03,99.87093029
1.035,101.2077628
1.04,102.5651795
1.045,103.9554383
1.05,105.3813823
1.055,106.821922
1.06,108.2432264
1.065,109.6562975
1.07,111.1405315
1.075,112.7769294
1.08,114.5655159
1.085,116.440692
1.09,118.3486511
1.095,120.2247829
1.1,121.9190655
1.105,123.2323386
1.11,123.9987439
1.115,124.1348005
1.12,123.6675771
1.125,122.6915915
1.13,121.309867
1.135,119.6461105
1.14,117.8518892
1.145,116.0769937
1.15,114.4536555
1.155,113.0824762
1.16,112.0069977
1.165,111.1876661
1.17,110.490889
1.175,109.7572538
1.18,108.9066036
1.185,107.9370729
1.19,106.8600844
1.195,105.7043644
1.2,104.5581122
1.205,103.5395098
1.21,102.7102679
1.215,102.0396167
1.22,101.4381927
1.225,100.8140664
1.23,100.1263707
1.235,99.39952083
1.24,98.6827514
1.245,97.99991293
1.25,97.33360153
1.255,96.66026079
1.26,95.99217632
1.265,95.35972845
1.27,94.77326088
1.275,94.22557981
1.28,93.68508996
1.285,93.08994091
1.29,92.42919841
1.295,91.793486
1.3,91.27830408
1.305,90.89682257
1.31,90.59482007
1.315,90.29911599
1.32,89.97467046
1.325,89.63993659
1.33,89.31878004
1.335,89.0165866
1.34,88.73570962
1.345,88.46303303
1.35,88.1524403
1.355,87.75715234
1.36,87.26374303
1.365,86.68581435
1.37,86.05191475
1.375,85.40493145
1.38,84.80864434
1.385,84.34709159
1.39,84.08132503
1.395,83.98424611
1.4,83.9498653
1.405,83.88764034
1.41,83.78175168
1.415,83.66616696
1.42,83.57271432
1.425,83.49629648
1.43,83.40057066
1.435,83.24938228
1.44,83.02536881
1.445,82.74365339
1.45,82.4612887
1.455,82.23723618
1.46,82.07632242
1.465,81.93683461
1.47,81.78044518
1.475,81.60123453
1.48,81.40509968
1.485,81.18057597
1.49,80.9179911
1.495,80.63032646
1.5,80.35052689
1.505,80.14551243
1.51,80.08448728
1.515,80.13884363
1.52,80.1839513
1.525,80.15074483
1.53,80.09737591
1.535,80.08720502
1.54,80.08291943
1.545,80.01370037
1.55,79.87640187
1.555,79.71677992
1.56,79.54355438
1.565,79.32716356
1.57,79.09474724
1.575,78.93572602
1.58,78.87662911
1.585,78.83949856
1.59,78.7444603
1.595,78.58074144
1.6,78.37876336
1.605,78.17418622
1.61,78.00885785
1.615,77.92502301
1.62,77.93075556
1.625,77.98191526
1.63,78.01573879
1.635,78.0056492
1.64,77.96485488
1.645,77.89180825
1.65,77.7787133
1.655,77.68162892
1.66,77.67096501
1.665,77.71280285
1.67,77.70027765
1.675,77.59389867
1.68,77.45655574
1.685,77.35135692
1.69,77.28087568
1.695,77.22952712
1.7,77.19394813
1.705,77.16594813
1.71,77.11490125
1.715,77.00894534
1.72,76.86752263
1.725,76.77230827
1.73,76.82284442
1.735,77.07238883
1.74,77.46032528
1.745,77.82625729
1.75,78.02312255
1.755,78.00755113
1.76,77.87297005
1.765,77.81110237
1.77,77.98461201
1.775,78.43256638
1.78,79.07647138
1.785,79.79013925
1.79,80.4965028
1.795,81.19533815
1.8,81.8945352
1.805,82.55743
1.81,83.12877367
1.815,83.6162085
1.82,84.13325707
1.825,84.80316353
1.83,85.65119362
1.835,86.63878865
1.84,87.72460171
1.845,88.85698907
1.85,89.95716184
1.855,90.93808409
1.86,91.76249602
1.865,92.49629607
1.87,93.28313566
1.875,94.23777233
1.88,95.37130376
1.885,96.6179011
1.89,97.90625512
1.895,99.21666608
1.9,100.5754995
1.905,101.9868203
1.91,103.4158456
1.915,104.8557621
1.92,106.349494
1.925,107.925935
1.93,109.5726456
1.935,111.2902338
1.94,113.1097387
1.945,115.0225984
1.95,116.9128824
1.955,118.5768945
1.96,119.8211832
1.965,120.5268327
1.97,120.6347592
1.975,120.1355777
1.98,119.0986629
1.985,117.6910059
1.99,116.1341015
1.995,114.6174903
2,113.2397373
2.005,112.0079123
2.01,110.8878633
2.015,109.8440414
2.02,108.8324521
2.025,107.8090093
2.03,106.7496446
2.035,105.637682
2.04,104.4601231
2.045,103.2274014
2.05,101.9794674
2.055,100.7776934
2.06,99.69176994
2.065,98.78593381
2.07,98.10250231
2.075,97.63367597
2.08,97.30954655
2.085,97.0034135
2.09,96.55527214
2.095,95.86459549
2.1,94.97521714
2.105,94.01311354
2.11,93.07706623
2.115,92.24231804
2.12,91.56243398
2.125,90.9908212
2.13,90.3943759
2.135,89.69222811
2.14,88.93795963
2.145,88.25580068
2.15,87.72809943
2.155,87.35364788
2.16,87.08328968
2.165,86.86191803
2.17,86.6265191
2.175,86.30497569
2.18,85.85422651
2.185,85.29526248
2.19,84.72186102
2.195,84.27003954
2.2,84.02956252
2.205,83.96978269
2.21,83.97907446
2.215,83.95635987
2.22,83.83906104
2.225,83.59070405
2.23,83.20662941
2.235,82.72196201
2.24,82.18827446
2.245,81.65151286
2.25,81.16988728
2.255,80.80865055
2.26,80.58389119
2.265,80.45054534
2.27,80.34918019
2.275,80.23380748
2.28,80.08126987
2.285,79.89591903
2.29,79.69069538
2.295,79.47076324
2.3,79.2387096
2.305,78.99369
2.31,78.72225479
2.315,78.41111197
2.32,78.07981163
2.325,77.78402519
2.33,77.56964215
2.335,77.43635843
2.34,77.34770664
2.345,77.26327486
2.35,77.1566749
2.355,76.99749671
2.36,76.7504793
2.365,76.42411024
2.37,76.09593619
2.375,75.86682126
2.38,75.78318455
2.385,75.80370618
2.39,75.84203436
2.395,75.83791366
2.4,75.79338637
2.405,75.75220399
2.41,75.7468231
2.415,75.76786881
2.42,75.78135106
2.425,75.74555985
2.43,75.61953706
2.435,75.39878214
2.44,75.13419225
2.445,74.8971537
2.45,74.73237002
2.455,74.64121366
2.46,74.60295298
2.465,74.60114668
2.47,74.61295887
2.475,74.59738043
2.48,74.53290059
2.485,74.43791757
2.49,74.33096972
2.495,74.20533765
2.5,74.05483497
2.505,73.90933237
2.51,73.82937199
2.515,73.85638888
2.52,73.97750131
2.525,74.13747848
2.53,74.27640787
2.535,74.3517055
2.54,74.31316344
2.545,74.10708652
2.55,73.76962307
2.555,73.44673069
2.56,73.23768528
2.565,73.090175
2.57,72.9198144
2.575,72.75371905
2.58,72.69620732
2.585,72.80953761
2.59,73.06188951
2.595,73.36548636
2.6,73.64666783
2.605,73.88263151
2.61,74.08783548
2.615,74.2875232
2.62,74.50908085
2.625,74.77643023
2.63,75.09925825
2.635,75.47404399
2.64,75.89378788
2.645,76.35364446
2.65,76.86144539
2.655,77.45567713
2.66,78.19386836
2.665,79.09128584
2.67,80.08070478
2.675,81.04765919
2.68,81.89488679
2.685,82.6071638
2.69,83.27315919
2.695,84.00243466
2.7,84.83116471
2.705,85.73324489
2.71,86.69643975
2.715,87.76288331
2.72,88.98004087
2.725,90.32182459
2.73,91.69378708
2.735,93.0210811
2.74,94.3079952
2.745,95.61252931
2.75,96.98044612
2.755,98.39261951
2.76,99.77919037
2.765,101.09305
2.77,102.3371664
2.775,103.5494157
2.78,104.8129617
2.785,106.2315251
2.79,107.8457667
2.795,109.601348
2.8,111.4156406
2.805,113.2345284
2.81,114.9661676
2.815,116.3836011
2.82,117.2116616
2.825,117.3279178
2.83,116.7904814
2.835,115.7223924
2.84,114.2802653
2.845,112.6739033
2.85,111.0996452
2.855,109.6491122
2.86,108.3090833
2.865,107.0523267
2.87,105.916028
2.875,104.9571598
2.88,104.1619668
2.885,103.4291083
2.89,102.6034776
2.895,101.5523382
2.9,100.261022
2.905,98.86059328
2.91,97.54914733
2.915,96.46717586
2.92,95.63269877
2.925,94.97194303
2.93,94.39446982
2.935,93.83952443
2.94,93.26409458
2.945,92.62109923
2.95,91.88239267
2.955,91.06745056
2.96,90.22938009
2.965,89.43061038
2.97,88.71693607
2.975,88.09381729
2.98,87.54385062
2.985,87.05686533
2.99,86.63250036
2.995,86.26583559
3,85.91756588
3.005,85.52175971
3.01,85.07075138
3.015,84.64753051
3.02,84.3362777
3.025,84.13224105
3.03,83.95173855
3.035,83.72546357
3.04,83.44239521
3.045,83.10024177
3.05,82.69419097
3.055,82.22983199
3.06,81.69083499
3.065,81.07767829
3.07,80.48815748
3.075,80.05432081
3.08,79.80646548
3.085,79.65901678
3.09,79.5053849
3.095,79.2987876
3.1,79.06944149
3.105,78.88554389
3.11,78.79654842
3.115,78.80660024
3.12,78.87589548
3.125,78.94168444
3.13,78.94681082
3.135,78.84177699
3.14,78.59870547
3.145,78.24140924
3.15,77.8192623
3.155,77.37560635
3.16,76.96725175
3.165,76.64905201
3.17,76.41635045
3.175,76.21897904
3.18,76.04183823
3.185,75.93073396
3.19,75.91938737
3.195,75.95560318
3.2,75.93909101
3.205,75.81803754
3.21,75.61963989
3.215,75.41784941
3.22,75.29467146
3.225,75.29183003
3.23,75.37081759
3.235,75.44978217
3.24,75.49065285
3.245,75.51152948
3.25,75.51788491
3.255,75.47992404
3.26,75.37711832
3.265,75.21284441
3.27,75.00275429
3.275,74.79151732
3.28,74.63693307
3.285,74.54203082
3.29,74.45981808
3.295,74.36962377
3.3,74.28614919
3.305,74.22095801
3.31,74.17805641
3.315,74.15258073
3.32,74.12165121
3.325,74.06249878
3.33,73.98795848
3.335,73.94245921
3.34,73.94102777
3.345,73.93430639
3.35,73.85734043
3.355,73.69670468
3.36,73.50841889
3.365,73.37989506
3.37,73.3513345
3.375,73.38228326
3.38,73.40803448
3.385,73.39783509
3.39,73.37331397
3.395,73.37970378
3.4,73.4359315
3.405,73.54928267
3.41,73.72826559
3.415,73.91880659
3.42,73.9893805
3.425,73.84531012
3.43,73.54246293
3.435,73.24658612
3.44,73.09015695
3.445,73.11051723
3.45,73.30236063
3.455,73.65026274
3.46,74.10186472
3.465,74.56646457
3.47,74.9574264
3.475,75.24380199
3.48,75.47280009
3.485,75.7225905
3.49,76.03945957
3.495,76.43079935
3.5,76.88147581
3.505,77.37561712
3.51,77.93467475
3.515,78.60786776
3.52,79.40811963
3.525,80.29168944
3.53,81.19845325
3.535,82.09587211
3.54,82.99761226
3.545,83.95039486
3.55,85.00141073
3.555,86.15006407
3.56,87.30871966
3.565,88.34616236
3.57,89.19457589
3.575,89.8923401
3.58,90.5270684
3.585,91.18663499
3.59,91.97724951
3.595,93.00853812
3.6,94.30744391
3.605,95.80563724
3.61,97.4236461
3.615,99.10032754
3.62,100.7694363
3.625,102.3833554
3.63,103.9402893
3.635,105.4577896
3.64,106.9649555
3.645,108.5262953
3.65,110.1925964
3.655,111.9244167
3.66,113.6313581
3.665,115.2538646
3.67,116.739958
3.675,117.9757431
3.68,118.7904206
3.685,119.0299517
3.69,118.6458172
3.695,117.7419324
3.7,116.510085
3.705,115.1144708
3.71,113.66364
3.715,112.2344961
3.72,110.8644893
3.725,109.5574485
3.73,108.3146953
3.735,107.1431389
3.74,106.0562728
3.745,105.0911644
3.75,104.2973491
3.755,103.6552625
3.76,103.0150576
3.765,102.1966122
3.77,101.1626978
3.775,100.041665
3.78,98.98377963
3.785,98.02698967
3.79,97.10857491
3.795,96.18604904
3.8,95.28775575
3.805,94.44351139
3.81,93.65525943
3.815,92.94759437
3.82,92.37992423
3.825,91.98230062
3.83,91.68210537
3.835,91.33503345
3.84,90.85417461
3.845,90.27598459
3.85,89.69084173
3.855,89.12534238
3.86,88.53788073
3.865,87.93107369
3.87,87.38417108
3.875,86.98422982
3.88,86.75895732
3.885,86.63156668
3.89,86.46187947
3.895,86.15907011
3.9,85.72972145
3.905,85.24213141
3.91,84.77209661
3.915,84.37710569
3.92,84.10028579
3.925,83.92972608
3.93,83.75781779
3.935,83.47673229
3.94,83.0976892
3.945,82.72152
3.95,82.43462482
3.955,82.25068876
3.96,82.12061573
3.965,81.98010421
3.97,81.79447067
3.975,81.58182823
3.98,81.39337856
3.985,81.26273785
3.99,81.17934356
3.995,81.09177459
4,80.9325368
4.005,80.68651642
4.01,80.43635663
4.015,80.29220569
4.02,80.27279722
4.025,80.28493027
4.03,80.23716989
4.035,80.14222092
4.04,80.06113889
4.045,79.99299255
4.05,79.89567864
4.055,79.76403471
4.06,79.59763703
4.065,79.35793124
4.07,79.04542046
4.075,78.74802807
4.08,78.55331467
4.085,78.44881907
4.09,78.3293417
4.095,78.10097642
4.1,77.76933047
4.105,77.43479522
4.11,77.22338638
4.115,77.2036609
4.12,77.35517845
4.125,77.61311022
4.13,77.91770897
4.135,78.21937865
4.14,78.4566049
4.145,78.56549873
4.15,78.54662738
4.155,78.48168535
4.16,78.44093782
4.165,78.41457773
4.17,78.3645921
4.175,78.29590475
4.18,78.22775227
4.185,78.13250532
4.19,77.956098
4.195,77.67322941
4.2,77.31071982
4.205,76.96905874
4.21,76.8142742
4.215,76.96845388
4.22,77.38080399
4.225,77.85366334
4.23,78.20138226
4.235,78.33523911
4.24,78.22315916
4.245,77.86606682
4.25,77.3443811
4.255,76.826206
4.26,76.47997574
4.265,76.38727982
4.27,76.52584277
4.275,76.78526096
4.28,77.00145349
4.285,77.0473838
4.29,76.93041612
4.295,76.782518
4.3,76.73181712
4.305,76.77497862
4.31,76.81892816
4.315,76.84800284
4.32,76.94826201
4.325,77.18353266
4.33,77.55648566
4.335,78.04527392
4.34,78.5919701
4.345,79.10873897
4.35,79.55430762
4.355,79.96578386
4.36,80.39760454
4.365,80.87507703
4.37,81.40607159
4.375,81.99935202
4.38,82.66865825
4.385,83.42250978
4.39,84.25363589
4.395,85.14382215
4.4,86.07229229
4.405,87.021105
4.41,87.9769994
4.415,88.93500916
4.42,89.91804952
4.425,90.96931879
4.43,92.09864765
4.435,93.26914029
4.44,94.44077136
4.445,95.60640819
4.45,96.79755047
4.455,98.0633564
4.46,99.4383518
4.465,100.9131139
4.47,102.4319466
4.475,103.9269192
4.48,105.3458429
4.485,106.6650026
4.49,107.9036603
4.495,109.1182968
4.5,110.3832963
4.505,111.7839181
4.51,113.394954
4.515,115.2379921
4.52,117.2487256
4.525,119.2667299
4.53,121.0665601
4.535,122.4329875
4.54,123.2329829
4.545,123.4361866
4.55,123.0940686
4.555,122.3108642
4.56,121.1971918
4.565,119.8244518
4.57,118.2447767
4.575,116.560063
4.58,114.9224886
4.585,113.4442502
4.59,112.1419772
4.595,110.9598648
4.6,109.8166952
4.605,108.6690099
4.61,107.5626483
4.615,106.6030626
4.62,105.8602587
4.625,105.2896955
4.63,104.7312727
4.635,104.0073695
4.64,103.040531
4.645,101.8801802
4.65,100.6435482
4.655,99.45221682
4.66,98.41162272
4.665,97.59889929
4.67,97.01915671
4.675,96.59269963
4.68,96.20933206
4.685,95.77074505
4.69,95.22469998
4.695,94.61031325
4.7,94.01432871
4.705,93.47993852
4.71,92.99726388
4.715,92.53932493
4.72,92.08484486
4.725,91.63971171
4.73,91.23578816
4.735,90.87614619
4.74,90.50223418
4.745,90.06182607
4.75,89.58898908
4.755,89.17408007
4.76,88.8667764
4.765,88.64370824
4.77,88.44808748
4.775,88.23178424
4.78,87.98964012
4.785,87.74232059
4.79,87.4758705
4.795,87.14654094
4.8,86.73157174
4.805,86.26056374
4.81,85.81506285
4.815,85.4736479
4.82,85.24984488
4.825,85.09479457
4.83,84.95702343
4.835,84.82639945
4.84,84.71784518
4.845,84.63871575
4.85,84.57279801
4.855,84.47273129
4.86,84.27249447
4.865,83.93253415
4.87,83.48539826
4.875,83.01619341
4.88,82.61338316
4.885,82.36580306
4.89,82.32340989
4.895,82.43030088
4.9,82.57005634
4.905,82.64925297
4.91,82.6171552
4.915,82.47674815
4.92,82.29064425
4.925,82.1442132
4.93,82.09039139
4.935,82.1177247
4.94,82.15168799
4.945,82.09466127
4.95,81.90756567
4.955,81.6419137
4.96,81.36390582
4.965,81.104026
4.97,80.8938584
4.975,80.76182279
4.98,80.69179897
4.985,80.65746628
4.99,80.65585477
4.995,80.66434862
5,80.62140053
5.005,80.47526663
5.01,80.23527437
5.015,79.96316096
5.02,79.72148681
5.025,79.55232607
5.03,79.47373337
5.035,79.46646172
5.04,79.48758827
5.045,79.50618529
5.05,79.52441803
5.055,79.5658427
5.06,79.64722696
5.065,79.75654333
5.07,79.84344893
5.075,79.85153979
5.08,79.76745127
5.085,79.62090694
5.09,79.45714119
5.095,79.32579629
5.1,79.26402198
5.105,79.2636863
5.11,79.27735034
5.115,79.26869363
5.12,79.2395561
5.125,79.20152963
5.13,79.13255093
5.135,78.99343768
5.14,78.7842951
5.145,78.54464905
5.15,78.31961977
5.155,78.1576368
5.16,78.1063863
5.165,78.18305392
5.17,78.36015517
5.175,78.59438445
5.18,78.86784698
5.185,79.19071008
5.19,79.56945922
5.195,79.98703494
5.2,80.42125809
5.205,80.87040005
5.21,81.33818024
5.215,81.81699764
5.22,82.30972433
5.225,82.83269254
5.23,83.37633644
5.235,83.90530988
5.24,84.43144102
5.245,85.03288213
5.25,85.77224347
5.255,86.65956382
5.26,87.66937359
5.265,88.72123827
5.27,89.70619856
5.275,90.5869126
5.28,91.42854115
5.285,92.33027988
5.29,93.35634049
5.295,94.50709744
5.3,95.73204775
5.305,96.98591278
5.31,98.26824907
5.315,99.6037587
5.32,101.0074795
5.325,102.4519008
5.33,103.8525931
5.335,105.136552
5.34,106.3325859
5.345,107.5595694
5.35,108.9277751
5.355,110.457915
5.36,112.1070597
5.365,113.8400476
5.37,115.6112234
5.375,117.3304825
5.38,118.9272553
5.385,120.3940592
5.39,121.6819556
5.395,122.5886509
5.4,122.8501473
5.405,122.3455766
5.41,121.1823282
5.415,119.6218114
5.42,117.9263077
5.425,116.2418842
5.43,114.6181101
5.435,113.0952607
5.44,111.7311399
5.445,110.5754061
5.45,109.6282162
5.455,108.8062684
5.46,107.9905957
5.465,107.1271609
5.47,106.2540539
5.475,105.4341743
5.48,104.6774769
5.485,103.9334749
5.49,103.1356615
5.495,102.2522737
5.5,101.3248005
5.505,100.4255542
5.51,99.56284145
5.515,98.68242729
5.52,97.76746677
5.525,96.88291135
5.53,96.09684386
5.535,95.39710232
5.54,94.71826101
5.545,94.00989641
5.55,93.25272464
5.555,92.46248894
5.56,91.7085451
5.565,91.08584709
5.57,90.64191178
5.575,90.34073772
5.58,90.09074677
5.585,89.80566866
5.59,89.44302494
5.595,89.00152974
5.6,88.53252832
5.605,88.1305922
5.61,87.84625738
5.615,87.6320388
5.62,87.39592509
5.625,87.07493283
5.63,86.66148783
5.635,86.18613199
5.64,85.6846431
5.645,85.1937089
5.65,84.77247086
5.655,84.49361884
5.66,84.38497365
5.665,84.388172
5.67,84.39173119
5.675,84.29413848
5.68,84.05266049
5.685,83.71441906
5.69,83.39376659
5.695,83.17585387
5.7,83.03062302
5.705,82.84447687
5.71,82.54344221
5.715,82.18030682
5.72,81.89429771
5.725,81.78795682
5.73,81.86861259
5.735,82.08849718
5.74,82.36060897
5.745,82.54144946
5.75,82.50424306
5.755,82.24297955
5.76,81.84631829
5.765,81.39836265
5.77,80.93978513
5.775,80.48241311
5.78,80.02878889
5.785,79.5868955
5.79,79.19146882
5.795,78.9202077
5.8,78.85678801
5.805,79.00690455
5.81,79.25954262
5.815,79.44841856
5.82,79.44907548
5.825,79.23268958
5.83,78.86763594
5.835,78.48875609
5.84,78.24281569
5.845,78.20098539
5.85,78.29258184
5.855,78.36312943
5.86,78.31370572
5.865,78.16706298
5.87,78.01411148
5.875,77.91501106
5.88,77.85174595
5.885,77.77736758
5.89,77.6832419
5.895,77.5916915
5.9,77.51684701
5.905,77.45902236
5.91,77.41677099
5.915,77.38257941
5.92,77.3283556
5.925,77.21800755
5.93,77.04125985
5.935,76.81623229
5.94,76.5674134
5.945,76.33088611
5.95,76.15649148
5.955,76.06620996
5.96,76.03492663
5.965,76.03124484
5.97,76.04503721
5.975,76.06260034
5.98,76.04790024
5.985,75.96866617
5.99,75.81992843
5.995,75.61675967
6,75.39115909
6.005,75.18526984
6.01,75.03165752
6.015,74.95940791
6.02,75.00549289
6.025,75.18915284
6.03,75.47923185
6.035,75.80980771
6.04,76.13915817
6.045,76.47676674
6.05,76.84751909
6.055,77.25134848
6.06,77.66944452
6.065,78.09521631
6.07,78.53342666
6.075,78.98260896
6.08,79.4432353
6.085,79.92317747
6.09,80.43156701
6.095,80.98795475
6.1,81.62690901
6.105,82.39255989
6.11,83.32378763
6.115,84.40134894
6.12,85.51668197
6.125,86.54509939
6.13,87.45786198
6.135,88.32536351
6.14,89.22171656
6.145,90.19236316
6.15,91.28932514
6.155,92.56312681
6.16,94.01013226
6.165,95.53347821
6.17,96.97682772
6.175,98.21744207
6.18,99.23709693
6.185,100.1498422
6.19,101.1545142
6.195,102.406967
6.2,103.9274426
6.205,105.6169254
6.21,107.3506353
6.215,109.0502149
6.22,110.6790134
6.225,112.2309286
6.23,113.7462362
6.235,115.2721877
6.24,116.7579621
6.245,118.0294759
6.25,118.8797877
6.255,119.1575049
6.26,118.8224415
6.265,117.9589113
6.27,116.7308169
6.275,115.3243299
6.28,113.8910504
6.285,112.4881918
6.29,111.075017
6.295,109.6030453
6.3,108.1013399
6.305,106.6707432
6.31,105.4145147
6.315,104.3485023
6.32,103.3769144
6.325,102.3740178
6.33,101.2862761
6.335,100.1669614
6.34,99.09839384
6.345,98.09006663
6.35,97.10700574
6.355,96.16790944
6.36,95.3491639
6.365,94.70161237
6.37,94.19664414
6.375,93.74943247
6.38,93.27093544
6.385,92.70884012
6.39,92.06721469
6.395,91.39912225
6.4,90.77820661
6.405,90.24838089
6.41,89.79878994
6.415,89.39780398
6.42,89.01707909
6.425,88.62136927
6.43,88.17359024
6.435,87.66104335
6.44,87.11166716
6.445,86.57114016
6.45,86.04836109
6.455,85.50527552
6.46,84.93056386
6.465,84.40049306
6.47,84.0131399
6.475,83.7736989
6.48,83.60526823
6.485,83.43004921
6.49,83.18300057
6.495,82.82751865
6.5,82.40466723
6.505,82.00689265
6.51,81.69503254
6.515,81.46397556
6.52,81.27812556
6.525,81.12292702
6.53,80.98269348
6.535,80.77531639
6.54,80.40128595
6.545,79.86055692
6.55,79.24948891
6.555,78.69132531
6.56,78.29034742
6.565,78.05721964
6.57,77.89788762
6.575,77.72757911
6.58,77.54467877
6.585,77.39874351
6.59,77.32715656
6.595,77.30745169
6.6,77.27046547
6.605,77.16816998
6.61,77.00477883
6.615,76.81563549
6.62,76.653738
6.625,76.56011455
6.63,76.51664165
6.635,76.46294445
6.64,76.36806552
6.645,76.2474071
6.65,76.09430804
6.655,75.86082894
6.66,75.54195614
6.665,75.21305767
6.67,74.97102891
6.675,74.86398753
6.68,74.86052435
6.685,74.89943378
6.69,74.95611812
6.695,75.01479036
6.7,75.02012922
6.705,74.9135166
6.71,74.70481544
6.715,74.47967223
6.72,74.32645502
6.725,74.27106182
6.73,74.28238389
6.735,74.31301791
6.74,74.31213909
6.745,74.23244586
6.75,74.08094634
6.755,73.93281541
6.76,73.85532005
6.765,73.841556
6.77,73.82897307
6.775,73.75392429
6.78,73.57200582
6.785,73.28133558
6.79,72.95959098
6.795,72.71952938
6.8,72.61426751
6.805,72.61831737
6.81,72.68528207
6.815,72.8004244
6.82,72.97259315
6.825,73.17835827
6.83,73.33636461
6.835,73.36893441
6.84,73.27737641
6.845,73.12942744
6.85,73.00373539
6.855,72.9455698
6.86,72.94204979
6.865,72.9520726
6.87,72.95649449
6.875,72.97805794
6.88,73.06206497
6.885,73.21932796
6.89,73.40629069
6.895,73.5861107
6.9,73.77307375
6.905,74.00006424
6.91,74.28160817
6.915,74.63088653
6.92,75.08519145
6.925,75.66629039
6.93,76.33407078
6.935,77.02890618
6.94,77.71733493
6.945,78.36718477
6.95,78.94474248
6.955,79.46708339
6.96,80.02847562
6.965,80.75487967
6.97,81.71209067
6.975,82.85695035
6.98,84.0893954
6.985,85.33179952
6.99,86.54087204
6.995,87.67214849
7,88.68393336
7.005,89.57782448
7.01,90.4009622
7.015,91.21832786
7.02,92.11630449
7.025,93.20278827
7.03,94.53458826
7.035,96.0508198
7.04,97.62211271
7.045,99.16366095
7.05,100.6800699
7.055,102.20606
7.06,103.7615814
7.065,105.3791867
7.07,107.1045751
7.075,108.9453634
7.08,110.8432908
7.085,112.7003958
7.09,114.4120604
7.095,115.8658723
7.1,116.9409507
7.105,117.5189221
7.11,117.5053701
7.115,116.8976705
7.12,115.8289426
7.125,114.510986
7.13,113.140462
7.135,111.8232208
7.14,110.5465424
7.145,109.2408128
7.15,107.8887684
7.155,106.5684299
7.16,105.3756381
7.165,104.3200493
7.17,103.3272768
7.175,102.3449669
7.18,101.3975291
7.185,100.5197456
7.19,99.71185734
7.195,98.94929222
7.2,98.15340368
7.205,97.20829332
7.21,96.07973116
7.215,94.86544569
7.22,93.70571184
7.225,92.69589628
7.23,91.88687501
7.235,91.32002138
7.24,91.00316241
7.245,90.84900614
7.25,90.70361728
7.255,90.44479249
7.26,90.02969225
7.265,89.4784168
7.27,88.83369716
7.275,88.12452464
7.28,87.36283172
7.285,86.57481439
7.29,85.81944223
7.295,85.1655049
7.3,84.67932784
7.305,84.42527302
7.31,84.3925329
7.315,84.42858416
7.32,84.33607821
7.325,84.0284691
7.33,83.5587838
7.335,83.03485822
7.34,82.52335118
7.345,82.01792484
7.35,81.49702721
7.355,80.97937401
7.36,80.50810236
7.365,80.13762242
7.37,79.92547349
7.375,79.85764259
7.38,79.80746069
7.385,79.6556418
7.39,79.4174228
7.395,79.18391018
7.4,78.99890852
7.405,78.85488941
7.41,78.75259839
7.415,78.69760042
7.42,78.66651133
7.425,78.61425923
7.43,78.4881598
7.435,78.25767732
7.44,77.96801543
7.445,77.71389148
7.45,77.55956868
7.455,77.51467754
7.46,77.5330484
7.465,77.52809444
7.47,77.43838532
7.475,77.26032893
7.48,77.0131923
7.485,76.72750471
7.49,76.4652367
7.495,76.30884689
7.5,76.31982213
7.505,76.48940758
7.51,76.71500788
7.515,76.84187052
7.52,76.76114174
7.525,76.48832632
7.53,76.13460005
7.535,75.8202563
7.54,75.63037768
7.545,75.59793799
7.55,75.70561477
7.555,75.89283847
7.56,76.0477233
7.565,76.06452574
7.57,75.93422308
7.575,75.73456931
7.58,75.54246181
7.585,75.3672945
7.59,75.18061579
7.595,75.00545927
7.6,74.90521674
7.605,74.8820235
7.61,74.86569996
7.615,74.81501063
7.62,74.76830469
7.625,74.77727724
7.63,74.8297935
7.635,74.84605204
7.64,74.74923464
7.645,74.54523905
7.65,74.32318902
7.655,74.18900752
7.66,74.20957938
7.665,74.38553094
7.67,74.64543442
7.675,74.89406775
7.68,75.08129216
7.685,75.20184464
7.69,75.24060677
7.695,75.15628891
7.7,74.9550439
7.705,74.74136009
7.71,74.62471531
7.715,74.63101997
7.72,74.72895863
7.725,74.86649274
7.73,75.00440588
7.735,75.14027841
7.74,75.27840999
7.745,75.42736022
7.75,75.63575285
7.755,75.95991674
7.76,76.38514917
7.765,76.84209127
7.77,77.31122887
7.775,77.83964055
7.78,78.45945551
7.785,79.14400653
7.79,79.81988573
7.795,80.41093091
7.8,80.89836232
7.805,81.33000479
7.81,81.77736506
7.815,82.31505337
7.82,83.02476683
7.825,83.9601395
7.83,85.07916109
7.835,86.24609796
7.84,87.32330362
7.845,88.26804334
7.85,89.15408145
7.855,90.07518179
7.86,91.04487301
7.865,92.02931724
7.87,93.03584687
7.875,94.12007541
7.88,95.31592222
7.885,96.60504777
7.89,97.96693284
7.895,99.42065724
7.9,100.9969787
7.905,102.6933444
7.91,104.4755053
7.915,106.2844991
7.92,108.0366203
7.925,109.6783017
7.93,111.2510975
7.935,112.867355
7.94,114.5993642
7.945,116.3868067
7.95,118.0395239
7.955,119.2990961
7.96,119.9255781
7.965,119.8149825
7.97,119.0752633
7.975,117.9622001
7.98,116.7164767
7.985,115.4599643
7.99,114.2290093
7.995,113.0338211
8,111.8539006
8.005,110.6479091
8.01,109.3935508
8.015,108.1075023
8.02,106.8517065
8.025,105.6982214
8.03,104.6755029
8.035,103.7714709
8.04,102.9692605
8.045,102.2566579
8.05,101.5959917
8.055,100.9155013
8.06,100.1858364
8.065,99.47791714
8.07,98.88536167
8.075,98.41867927
8.08,98.01490699
8.085,97.59648825
8.09,97.07581597
8.095,96.37537885
8.1,95.50671499
8.105,94.58844237
8.11,93.75237072
8.115,93.05379252
8.12,92.46734306
8.125,91.92857557
8.13,91.36964491
8.135,90.7408655
8.14,90.04095052
8.145,89.32915683
8.15,88.66744193
8.155,88.0824495
8.16,87.60755925
8.165,87.27804824
8.17,87.07412448
8.175,86.93836453
8.18,86.82887712
8.185,86.73025728
8.19,86.64499403
8.195,86.56263455
8.2,86.43352281
8.205,86.19654277
8.21,85.8105025
8.215,85.27491161
8.22,84.65706939
8.225,84.07363721
8.23,83.62176989
8.235,83.3194621
8.24,83.11145143
8.245,82.93303234
8.25,82.76260525
8.255,82.60922807
8.26,82.46138126
8.265,82.28661015
8.27,82.08447216
8.275,81.90843886
8.28,81.81123469
8.285,81.77549717
8.29,81.74146868
8.295,81.69743926
8.3,81.69786991
8.305,81.78627328
8.31,81.92078828
8.315,81.98322312
8.32,81.8620477
8.325,81.53361496
8.33,81.08180431
8.335,80.66145647
8.34,80.40673505
8.345,80.33891798
8.35,80.36916569
8.355,80.36911835
8.36,80.25518792
8.365,80.05190961
8.37,79.85713121
8.375,79.73243733
8.38,79.65659868
8.385,79.57637046
8.39,79.47866705
8.395,79.42145363
8.4,79.46732543
8.405,79.58095708
8.41,79.64754332
8.415,79.56687589
8.42,79.30913993
8.425,78.96783149
8.43,78.73437024
8.435,78.72874028
8.44,78.89129344
8.445,79.05215815
8.45,79.0687969
8.455,78.92172484
8.46,78.70109747
8.465,78.50457059
8.47,78.37755523
8.475,78.35784896
8.48,78.5008668
8.485,78.81164766
8.49,79.20220883
8.495,79.54201987
8.5,79.72460095
8.505,79.69390885
8.51,79.45058012
8.515,79.06416567
8.52,78.66101858
8.525,78.34234023
8.53,78.09917337
8.535,77.8451293
8.54,77.54211604
8.545,77.26637502
8.55,77.1263742
8.555,77.12459397
8.56,77.15791488
8.565,77.16329131
8.57,77.17242936
8.575,77.21487062
8.58,77.28727304
8.585,77.41811672
8.59,77.64163789
8.595,77.93547187
8.6,78.26742131
8.605,78.65636179
8.61,79.14764092
8.615,79.74867564
8.62,80.39457683
8.625,80.98816089
8.63,81.48232322
8.635,81.89482057
8.64,82.26400983
8.645,82.65976865
8.65,83.19032563
8.655,83.92010339
8.66,84.8099344
8.665,85.7608729
8.67,86.69555159
8.675,87.58661659
8.68,88.43011482
8.685,89.23609588
8.69,90.03492478
8.695,90.85129293
8.7,91.68465262
8.705,92.53627286
8.71,93.42171649
8.715,94.34326858
8.72,95.30607969
8.725,96.36017742
8.73,97.55710168
8.735,98.88247875
8.74,100.2662035
8.745,101.6330025
8.75,102.9619775
8.755,104.3153518
8.76,105.7709939
8.765,107.3344025
8.77,108.9637449
8.775,110.6504918
8.78,112.4288619
8.785,114.3443112
8.79,116.4198873
8.795,118.591874
8.8,120.6770336
8.805,122.4413479
8.81,123.687801
8.815,124.2813394
8.82,124.1668922
8.825,123.3943143
8.83,122.0944541
8.835,120.4446705
8.84,118.6514377
8.845,116.9282164
8.85,115.4485361
8.855,114.2593637
8.86,113.2675682
8.865,112.3485704
8.87,111.4330686
8.875,110.5047893
8.88,109.5568972
8.885,108.5761637
8.89,107.5680361
8.895,106.5620919
8.9,105.5879318
8.905,104.6370085
8.91,103.6540935
8.915,102.6067369
8.92,101.5408496
8.925,100.5299669
8.93,99.59240759
8.935,98.69495087
8.94,97.83675915
8.945,97.08648318
8.95,96.50297821
8.955,96.05298346
8.96,95.64980717
8.965,95.23266643
8.97,94.79105569
8.975,94.36228844
8.98,93.98912235
8.985,93.6619472
8.99,93.33632618
8.995,92.98543258
9,92.61526873
9.005,92.26099043
9.01,91.96339336
9.015,91.71562579
9.02,91.43548743
9.025,91.00907004
9.03,90.37841652
9.035,89.59610519
9.04,88.79018607
9.045,88.07892385
9.05,87.51187957
9.055,87.07313453
9.06,86.72448732
9.065,86.43962772
9.07,86.22428904
9.075,86.10558791
9.08,86.07627015
9.085,86.07907875
9.09,86.06479614
9.095,86.02515649
9.1,85.95919643
9.105,85.83221172
9.11,85.59282687
9.115,85.24415316
9.12,84.85324106
9.125,84.4677192
9.13,84.08773418
9.135,83.72133463
9.14,83.39475253
9.145,83.1247108
9.15,82.92596102
9.155,82.81615587
9.16,82.78993274
9.165,82.80751883
9.17,82.82438122
9.175,82.80250507
9.18,82.68429975
9.185,82.42765856
9.19,82.07667274
9.195,81.72829146
9.2,81.43590399
9.205,81.20142802
9.21,81.03614895
9.215,80.96664649
9.22,80.97878692
9.225,80.99762688
9.23,80.9626987
9.235,80.90148244
9.24,80.89123983
9.245,80.97401014
9.25,81.12198644
9.255,81.25990597
9.26,81.31421418
9.265,81.24721917
9.27,81.0527705
9.275,80.7462258
9.28,80.37081873
9.285,79.99371083
9.29,79.69638993
9.295,79.54913088
9.3,79.54140627
9.305,79.56680449
9.31,79.52610783
9.315,79.41188525
9.32,79.28139036
9.325,79.19190605
9.33,79.16341566
9.335,79.18698654
9.34,79.27158403
9.345,79.43678058
9.35,79.64034199
9.355,79.77180437
9.36,79.72206118
9.365,79.44655877
9.37,79.00605795
9.375,78.54729459
9.38,78.21658969
9.385,78.08073311
9.39,78.09896255
9.395,78.17681188
9.4,78.25443155
9.405,78.30319218
9.41,78.27315844
9.415,78.12197305
9.42,77.86267129
9.425,77.54699474
9.43,77.26352775
9.435,77.13535842
9.44,77.25518946
9.445,77.64206889
9.45,78.23458837
9.455,78.89313086
9.46,79.459331
9.465,79.85158633
9.47,80.10422612
9.475,80.31165158
9.48,80.54723345
9.485,80.84001389
9.49,81.1948683
9.495,81.59683361
9.5,82.01703469
9.505,82.45432771
9.51,82.94605813
9.515,83.5362991
9.52,84.26940529
9.525,85.15970727
9.53,86.12449955
9.535,87.02828755
9.54,87.83780303
9.545,88.65248552
9.55,89.54592919
9.555,90.47993048
9.56,91.39503393
9.565,92.27399493
9.57,93.11783996
9.575,93.94538929
9.58,94.82307995
9.585,95.83587839
9.59,97.00268503
9.595,98.26330926
9.6,99.56410896
9.605,100.9188145
9.61,102.3785373
9.615,103.9771474
9.62,105.6997308
9.625,107.4774294
9.63,109.2274901
9.635,110.8849582
9.64,112.4055122
9.645,113.8040518
9.65,115.1704649
9.655,116.6003919
9.66,118.112752
9.665,119.6096063
9.67,120.8847786
9.675,121.6900341
9.68,121.8641666
9.685,121.4278435
9.69,120.5280187
9.695,119.3170643
9.7,117.8830472
9.705,116.2581423
9.71,114.5188219
9.715,112.8501701
9.72,111.4528425
9.725,110.4057977
9.73,109.6173278
9.735,108.8889565
9.74,108.0504618
9.745,107.0463309
9.75,105.9037791
9.755,104.6689574
9.76,103.4072861
9.765,102.2135664
9.77,101.1638591
9.775,100.2735309
9.78,99.50954031
9.785,98.82061281
9.79,98.17207749
9.795,97.55994548
9.8,96.97834013
9.805,96.40257764
9.81,95.82761829
9.815,95.28834772
9.82,94.7944725
9.825,94.27369455
9.83,93.64123776
9.835,92.89875517
9.84,92.13082059
9.845,91.42497371
9.85,90.79827015
9.855,90.20493111
9.86,89.61567001
9.865,89.06095426
9.87,88.58227799
9.875,88.1594978
9.88,87.7150202
9.885,87.20220879
9.89,86.67017839
9.895,86.22076293
9.9,85.92206541
9.905,85.77335031
9.91,85.72148587
9.915,85.68479282
9.92,85.55896766
9.925,85.2468797
9.93,84.73213053
9.935,84.10451598
9.94,83.49509235
9.945,82.99878752
9.95,82.64549337
9.955,82.42055174
9.96,82.29674405
9.965,82.22704577
9.97,82.13534745
9.975,81.96473277
9.98,81.71786062
9.985,81.43698133
9.99,81.16283093
9.995,80.90658138
10,80.67989956
10.005,80.53754036
10.01,80.51107562
10.015,80.52466823
10.02,80.44363951
10.025,80.18412014
10.03,79.76634469
10.035,79.28889689
10.04,78.86182298
10.045,78.55196592
10.05,78.36160222
10.055,78.25458026
10.06,78.19941125
10.065,78.1661204
10.07,78.11686146
10.075,78.03619399
10.08,77.94205771
10.085,77.85169212
10.09,77.74393405
10.095,77.56742848
10.1,77.3050628
10.105,77.01649352
10.11,76.81733457
10.115,76.81734778
10.12,77.0154009
10.125,77.25334862
10.13,77.33008524
10.135,77.15348094
10.14,76.78025539
10.145,76.33562341
10.15,75.92319869
10.155,75.62560013
10.16,75.52363144
10.165,75.63799146
10.17,75.87144899
10.175,76.06576348
10.18,76.12004535
10.185,76.03413265
10.19,75.85464645
10.195,75.62469177
10.2,75.38596792
10.205,75.17557716
10.21,75.01662773
10.215,74.9130172
10.22,74.83760081
10.225,74.76657057
10.23,74.71423495
10.235,74.70279146
10.24,74.74304039
10.245,74.83972614
10.25,74.97433305
10.255,75.0954328
10.26,75.13581655
10.265,75.04406579
10.27,74.82272104
10.275,74.53591468
10.28,74.26419887
10.285,74.05488378
10.29,73.9276777
10.295,73.90385612
10.3,73.99100699
10.305,74.1504374
10.31,74.3080589
10.315,74.41857847
10.32,74.52452922
10.325,74.72777309
10.33,75.10293661
10.335,75.63283384
10.34,76.21434027
10.345,76.75648156
10.35,77.26226043
10.355,77.79774866
10.36,78.42021014
10.365,79.13210586
10.37,79.8815853
10.375,80.62413952
10.38,81.36825177
10.385,82.13805285
10.39,82.92678803
10.395,83.70473259
10.4,84.45336421
10.405,85.18367709
10.41,85.92284775
10.415,86.71141734
10.42,87.61487049
10.425,88.68689449
10.43,89.92169899
10.435,91.27337557
10.44,92.69598704
10.445,94.13878136
10.45,95.53330572
10.455,96.80592387
10.46,97.90868531
10.465,98.87918775
10.47,99.85770829
10.475,100.9915409
10.48,102.3505301
10.485,103.9491287
10.49,105.7649756
10.495,107.7090137
10.5,109.6642271
10.505,111.5698102
10.51,113.4167409
10.515,115.1854484
10.52,116.7866222
10.525,118.0200073
10.53,118.6300799
10.535,118.4725464
10.54,117.6455698
10.545,116.4289769
10.55,115.0926007
10.555,113.7776502
10.56,112.5079645
10.565,111.2524789
10.57,109.9749067
10.575,108.6582742
10.58,107.3234366
10.585,106.025564
10.59,104.8129014
10.595,103.6945758
10.6,102.6460973
10.605,101.6470595
10.61,100.7082675
10.615,99.82941466
10.62,98.96842341
10.625,98.11255729
10.63,97.33084825
10.635,96.70005535
10.64,96.19795596
10.645,95.69230311
10.65,95.03526851
10.655,94.15569556
10.66,93.07450926
10.665,91.88967039
10.67,90.76030827
10.675,89.83900859
10.68,89.1694394
10.685,88.68308491
10.69,88.30307694
10.695,87.97590018
10.7,87.61827759
10.705,87.16517694
10.71,86.64936419
10.715,86.12911566
10.72,85.60345192
10.725,85.04946331
10.73,84.48539694
10.735,83.96505183
10.74,83.51061512
10.745,83.09647776
10.75,82.72087181
10.755,82.43310092
10.76,82.26046941
10.765,82.15546936
10.77,82.04658404
10.775,81.89684706
10.78,81.68672982
10.785,81.40019625
10.79,81.0511762
10.795,80.68630362
10.8,80.35299991
10.805,80.0633156
10.81,79.78608717
10.815,79.48473458
10.82,79.15416022
10.825,78.80767825
10.83,78.46037918
10.835,78.15215526
10.84,77.94130843
10.845,77.83528781
10.85,77.75498811
10.855,77.60589539
10.86,77.37738653
10.865,77.14132804
10.87,76.95214113
10.875,76.78853779
10.88,76.6180361
10.885,76.45928065
10.89,76.34711517
10.895,76.29956136
10.9,76.31911633
10.905,76.37582661
10.91,76.40054018
10.915,76.31453032
10.92,76.08233305
10.925,75.74499098
10.93,75.39191478
10.935,75.09750182
10.94,74.86880647
10.945,74.66806696
10.95,74.5016452
10.955,74.43660618
10.96,74.52136954
10.965,74.72390399
10.97,74.9363873
10.975,75.03898368
10.98,74.97563718
10.985,74.76875843
10.99,74.48918833
10.995,74.23590808
11,74.10057645
11.005,74.10400414
11.01,74.17825108
11.015,74.22158267
11.02,74.15873399
11.025,73.97199305
11.03,73.70935957
11.035,73.45397898
11.04,73.26129856
11.045,73.13783173
11.05,73.09386725
11.055,73.15793596
11.06,73.31712574
11.065,73.51056104
11.07,73.67579697
11.075,73.76558131
11.08,73.75486874
11.085,73.64132009
11.09,73.42593765
11.095,73.12035988
11.1,72.78509348
11.105,72.51177294
11.11,72.35079802
11.115,72.29915118
11.12,72.32221621
11.125,72.34753388
11.13,72.29568083
11.135,72.13947657
11.14,71.9335621
11.145,71.80146277
11.15,71.85953844
11.155,72.12325074
11.16,72.50409404
11.165,72.89436075
11.17,73.22449399
11.175,73.46888112
11.18,73.64604639
11.185,73.81044065
11.19,74.03419476
11.195,74.37257639
11.2,74.83043251
11.205,75.38914437
11.21,76.04226969
11.215,76.76536859
11.22,77.50288317
11.225,78.22358508
11.23,78.95444277
11.235,79.73550071
11.24,80.55713356
11.245,81.38565338
11.25,82.23899685
11.255,83.15974777
11.26,84.1363448
11.265,85.11279537
11.27,86.03831262
11.275,86.90281703
11.28,87.76295846
11.285,88.70827755
11.29,89.78445615
11.295,90.97174909
11.3,92.22460262
11.305,93.50801553
11.31,94.81513546
11.315,96.15725527
11.32,97.52832843
11.325,98.90467591
11.33,100.2847473
11.335,101.7012975
11.34,103.1915453
11.345,104.7729992
11.35,106.4503487
11.355,108.2196106
11.36,110.0576899
11.365,111.9330587
11.37,113.8025484
11.375,115.5714284
11.38,117.0822033
11.385,118.1251689
11.39,118.4796316
11.395,118.0458647
11.4,116.9423774
11.405,115.422281
11.41,113.728027
11.415,112.0437419
11.42,110.5064719
11.425,109.1962699
11.43,108.1192562
11.435,107.229059
11.44,106.468033
11.445,105.7548663
11.45,104.9470504
11.455,103.9030206
11.46,102.6092023
11.465,101.2007178
11.47,99.86137162
11.475,98.71745013
11.48,97.78458754
11.485,96.98817969
11.49,96.25002057
11.495,95.55179605
11.5,94.89290341
11.505,94.23121033
11.51,93.5247434
11.515,92.80677189
11.52,92.1719342
11.525,91.67827603
11.53,91.29740012
11.535,90.95145904
11.54,90.53716567
11.545,89.97932068
11.55,89.33052484
11.555,88.72656361
11.56,88.22286755
11.565,87.75230194
11.57,87.22676821
11.575,86.62885383
11.58,85.99922087
11.585,85.3685212
11.59,84.75961319
11.595,84.2430694
11.6,83.89887325
11.605,83.70715458
11.61,83.54069757
11.615,83.27527403
11.62,82.87799787
11.625,82.40056611
11.63,81.93240685
11.635,81.57051161
11.64,81.39431875
11.645,81.41904635
11.65,81.55638324
11.655,81.66690729
11.66,81.66771156
11.665,81.55785965
11.67,81.36893529
11.675,81.1252675
11.68,80.84613627
11.685,80.5772626
11.69,80.37062861
11.695,80.21543512
11.7,80.05091924
11.705,79.84090671
11.71,79.57269254
11.715,79.22815314
11.72,78.82486496
11.725,78.43648857
11.73,78.13879372
11.735,77.97923038
11.74,77.97103829
11.745,78.06098524
11.75,78.13601766
11.755,78.10239831
11.76,77.95077351
11.765,77.74217973
11.77,77.5648057
11.775,77.49722471
11.78,77.55420123
11.785,77.66867821
11.79,77.75608429
11.795,77.78807914
11.8,77.78449816
11.805,77.74693847
11.81,77.63848188
11.815,77.41744026
11.82,77.09064685
11.825,76.74953139
11.83,76.51150294
11.835,76.42157979
11.84,76.4449869
11.845,76.52433198
11.85,76.59443913
11.855,76.58834021
11.86,76.49181923
11.865,76.35825288
11.87,76.2525506
11.875,76.19988259
11.88,76.18421687
11.885,76.20282308
11.89,76.29074714
11.895,76.45548659
11.9,76.63018725
11.905,76.70779017
11.91,76.62049358
11.915,76.40708687
11.92,76.18164424
11.925,76.04379201
11.93,76.03067871
11.935,76.10854558
11.94,76.19363727
11.945,76.20279613
11.95,76.10511168
11.955,75.94633738
11.96,75.81014948
11.965,75.73561294
11.97,75.69934806
11.975,75.66109787
11.98,75.58421806
11.985,75.44083957
11.99,75.22498881
11.995,74.97720079
12,74.78502059
12.005,74.71211361
12.01,74.7566953
12.015,74.90420721
12.02,75.16104768
12.025,75.53282696
12.03,76.00763398
12.035,76.53538882
12.04,77.03413723
12.045,77.46343868
12.05,77.85441856
12.055,78.26625784
12.06,78.76714214
12.065,79.41069487
12.07,80.19507378
12.075,81.07183909
12.08,81.97311431
12.085,82.84429002
12.09,83.67432588
12.095,84.46210731
12.1,85.18142743
12.105,85.82046662
12.11,86.42561664
12.115,87.06723574
12.12,87.77150924
12.125,88.53221779
12.13,89.37154535
12.135,90.32457551
12.14,91.38710737
12.145,92.5261344
12.15,93.72662827
12.155,95.00764021
12.16,96.38141015
12.165,97.81399071
12.17,99.26147109
12.175,100.7267938
12.18,102.242433
12.185,103.8093767
12.19,105.3911923
12.195,106.9510145
12.2,108.4581671
12.205,109.8897062
12.21,111.2573409
12.215,112.6170481
12.22,114.0378027
12.225,115.5566341
12.23,117.147128
12.235,118.6991986
12.24,120.0255498
12.245,120.9177187
12.25,121.2241202
12.255,120.9121955
12.26,120.0758021
12.265,118.874206
12.27,117.4736279
12.275,116.0185204
12.28,114.5885051
12.285,113.1923764
12.29,111.8440766
12.295,110.6127281
12.3,109.5626493
12.305,108.6774872
12.31,107.881007
12.315,107.0880695
12.32,106.2164001
12.325,105.2214197
12.33,104.150814
12.335,103.1285916
12.34,102.2466076
12.345,101.4801569
12.35,100.7392092
12.355,99.97132296
12.36,99.20294204
12.365,98.51355259
12.37,97.95129481
12.375,97.4688552
12.38,96.9577516
12.385,96.33654817
12.39,95.61296865
12.395,94.85113422
12.4,94.10388298
12.405,93.39814714
12.41,92.7217283
12.415,92.03854859
12.42,91.35745033
12.425,90.74850416
12.43,90.28414903
12.435,89.96690788
12.44,89.7243148
12.445,89.48474896
12.45,89.21898869
12.455,88.91051199
12.46,88.55102485
12.465,88.17225743
12.47,87.82190369
12.475,87.50778522
12.48,87.19475201
12.485,86.83225016
12.49,86.39914863
12.495,85.93590006
12.5,85.49354165
12.505,85.08504942
12.51,84.72025261
12.515,84.4387387
12.52,84.29146501
12.525,84.29333328
12.53,84.38236658
12.535,84.43982082
12.54,84.3657088
12.545,84.14615231
12.55,83.85551137
12.555,83.58283414
12.56,83.36239365
12.565,83.16762692
12.57,82.94375905
12.575,82.66341291
12.58,82.35882892
12.585,82.08999245
12.59,81.89916662
12.595,81.79035988
12.6,81.7461183
12.605,81.76585551
12.61,81.85392198
12.615,81.96535073
12.62,82.00702281
12.625,81.91566261
12.63,81.715558
12.635,81.48405117
12.64,81.28211157
12.645,81.13288514
12.65,81.03205437
12.655,80.9490502
12.66,80.84870811
12.665,80.72556753
12.67,80.59047595
12.675,80.44002621
12.68,80.29183866
12.685,80.22772596
12.69,80.31062279
12.695,80.48659835
12.7,80.64956827
12.705,80.74325517
12.71,80.74928573
12.715,80.64140217
12.72,80.40128457
12.725,80.07578489
12.73,79.79490893
12.735,79.68315157
12.74,79.74725115
12.745,79.90098353
12.75,80.08044413
12.755,80.26546096
12.76,80.40481783
12.765,80.41166701
12.77,80.25784387
12.775,80.00717922
12.78,79.74100895
12.785,79.50499664
12.79,79.31423888
12.795,79.16311627
12.8,79.0550635
12.805,79.01978016
12.81,79.05505108
12.815,79.09944958
12.82,79.10629912
12.825,79.08614823
12.83,79.06313254
12.835,79.02664041
12.84,78.9300828
12.845,78.74239696
12.85,78.48723218
12.855,78.21352006
12.86,77.97439139
12.865,77.83871224
12.87,77.82892777
12.875,77.87092474
12.88,77.91616794
12.885,78.03968462
12.89,78.33004482
12.895,78.78428104
12.9,79.34776634
12.905,79.96035712
12.91,80.55504107
12.915,81.07126695
12.92,81.47589641
12.925,81.7909148
12.93,82.12398942
12.935,82.62558468
12.94,83.37406552
12.945,84.29702827
12.95,85.22617322
12.955,86.06341994
12.96,86.85706099
12.965,87.69049677
12.97,88.58218003
12.975,89.505924
12.98,90.42808616
12.985,91.32168536
12.99,92.18282396
12.995,93.05338016
13,94.00831358
13.005,95.08200275
13.01,96.23324105
13.015,97.41343691
13.02,98.61651781
13.025,99.84975971
13.03,101.1173881
13.035,102.4331919
13.04,103.8171307
13.045,105.2699228
13.05,106.7662749
13.055,108.2844883
13.06,109.8159139
13.065,111.3709048
13.07,112.9955929
13.075,114.733038
13.08,116.5808094
13.085,118.5015214
13.09,120.4126537
13.095,122.149101
13.1,123.4718406
13.105,124.1577907
13.11,124.1307137
13.115,123.4936717
13.12,122.4160313
13.125,121.0397592
13.13,119.4962739
13.135,117.927707
13.14,116.4461985
13.145,115.093933
13.15,113.8544241
13.155,112.6874435
13.16,111.5331995
13.165,110.2980435
13.17,108.9317438
13.175,107.5425579
13.18,106.3236106
13.185,105.3591959
13.19,104.5821785
13.195,103.8779764
13.2,103.1572955
13.205,102.3755445
13.21,101.5527329
13.215,100.7609353
13.22,100.0667241
13.225,99.48722096
13.23,98.99593715
13.235,98.54621913
13.24,98.07105518
13.245,97.49770538
13.25,96.80131462
13.255,96.02218673
13.26,95.21550197
13.265,94.39854616
13.27,93.5647419
13.275,92.73933934
13.28,91.96880126
13.285,91.26885016
13.29,90.64436677
13.295,90.13141791
13.3,89.78045338
13.305,89.61424456
13.31,89.58929693
13.315,89.59465305
13.32,89.51676583
13.325,89.30551419
13.33,88.97434262
13.335,88.56166278
13.34,88.10613697
13.345,87.63618796
13.35,87.17856729
13.355,86.77149596
13.36,86.43422277
13.365,86.14267329
13.37,85.86001826
13.375,85.5601547
13.38,85.22710936
13.385,84.86696506
13.39,84.51825603
13.395,84.23779721
13.4,84.06179877
13.405,83.97159896
13.41,83.91026118
13.415,83.84104587
13.42,83.77179563
13.425,83.70319691
13.43,83.58664383
13.435,83.36565233
13.44,83.03173253
13.445,82.63937128
13.45,82.28699281
13.455,82.05874398
13.46,81.96393874
13.465,81.92697859
13.47,81.82564626
13.475,81.55650862
13.48,81.10119381
13.485,80.54665107
13.49,80.05192639
13.495,79.79129352
13.5,79.85709158
13.505,80.17224551
13.51,80.54822096
13.515,80.83746812
13.52,80.99255712
13.525,81.01475003
13.53,80.91144788
13.535,80.70771672
13.54,80.45350104
13.545,80.18449492
13.55,79.89270929
13.555,79.56051453
13.56,79.2199527
13.565,78.957459
13.57,78.83066558
13.575,78.79758667
13.58,78.75948383
13.585,78.65589133
13.59,78.50450655
13.595,78.36529113
13.6,78.28290568
13.605,78.25684612
13.61,78.24762999
13.615,78.21689832
13.62,78.16846313
13.625,78.12306469
13.63,78.07220623
13.635,78.01216429
13.64,77.9793053
13.645,77.99924877
13.65,78.04436681
13.655,78.07769758
13.66,78.11391009
13.665,78.20308769
13.67,78.36271727
13.675,78.53437157
13.68,78.59276359
13.685,78.41874997
13.69,77.99454558
13.695,77.42805334
13.7,76.88368245
13.705,76.49791257
13.71,76.3398022
13.715,76.39505817
13.72,76.57833328
13.725,76.79417116
13.73,76.99260211
13.735,77.18601606
13.74,77.42197555
13.745,77.69897001
13.75,77.93078561
13.755,78.04957595
13.76,78.11029643
13.765,78.2492176
13.77,78.55142626
13.775,78.99145693
13.78,79.50506825
13.785,80.05222849
13.79,80.59137255
13.795,81.07478542
13.8,81.51562763
13.805,82.02304654
13.81,82.72665779
13.815,83.66042553
13.82,84.73148448
13.825,85.80238652
13.83,86.79490907
13.835,87.71391517
13.84,88.59495922
13.845,89.45583251
13.85,90.30728148
13.855,91.19800923
13.86,92.20486393
13.865,93.35681654
13.87,94.60979024
13.875,95.90554503
13.88,97.21995823
13.885,98.55588245
13.89,99.9201625
13.895,101.3249117
13.9,102.7765146
13.905,104.2516645
13.91,105.7290553
13.915,107.2225301
13.92,108.7385949
13.925,110.2450013
13.93,111.7411079
13.935,113.3008089
13.94,114.9717319
13.945,116.7003988
13.95,118.3659642
13.955,119.7767401
13.96,120.6601682
13.965,120.7945306
13.97,120.1827555
13.975,119.0495159
13.98,117.6676175
13.985,116.2000999
13.99,114.6870867
13.995,113.1320073
14,111.5645984
14.005,110.0509331
14.01,108.6750853
14.015,107.4937403
14.02,106.4904087
14.025,105.5982849
14.03,104.7665093
14.035,103.9582636
14.04,103.1184241
14.045,102.2131018
14.05,101.2779213
14.055,100.3829186
14.06,99.56644867
14.065,98.81724134
14.07,98.08819509
14.075,97.33176077
14.08,96.55623237
14.085,95.81985351
14.09,95.1527837
14.095,94.5195489
14.1,93.87025127
14.105,93.2091242
14.11,92.59372602
14.115,92.08041724
14.12,91.67082384
14.125,91.283535
14.13,90.79304263
14.135,90.12222081
14.14,89.29514543
14.145,88.40644208
14.15,87.55158439
14.155,86.78060292
14.16,86.10189913
14.165,85.51872109
14.17,85.05989329
14.175,84.77270106
14.18,84.67713309
14.185,84.71330599
14.19,84.75595103
14.195,84.73341879
14.2,84.67843272
14.205,84.60799878
14.21,84.45367714
14.215,84.14215092
14.22,83.66235439
14.225,83.05503217
14.23,82.4052875
14.235,81.8384142
14.24,81.45404079
14.245,81.25843338
14.25,81.17274888
14.255,81.08442506
14.26,80.90652003
14.265,80.63029297
14.27,80.32397463
14.275,80.05001911
14.28,79.79326832
14.285,79.50103861
14.29,79.16056219
14.295,78.8048885
14.3,78.46608793
14.305,78.14990541
14.31,77.86120841
14.315,77.62860476
14.32,77.48919878
14.325,77.44765871
14.33,77.44356467
14.335,77.39333026
14.34,77.27612582
14.345,77.13080984
14.35,76.98584145
14.355,76.85992434
14.36,76.78968105
14.365,76.78036205
14.37,76.77981248
14.375,76.73554425
14.38,76.62957147
14.385,76.47646201
14.39,76.3104625
14.395,76.15672091
14.4,76.02804449
14.405,75.93360206
14.41,75.85946842
14.415,75.76855114
14.42,75.64700855
14.425,75.5293627
14.43,75.46339839
14.435,75.45567301
14.44,75.46219485
14.445,75.45415008
14.45,75.45736697
14.455,75.48069886
14.46,75.47274762
14.465,75.39142773
14.47,75.24642956
14.475,75.06524887
14.48,74.87542359
14.485,74.71028283
14.49,74.57620068
14.495,74.43128198
14.5,74.24555535
14.505,74.04094558
14.51,73.86296013
14.515,73.75331077
14.52,73.71523663
14.525,73.71167446
14.53,73.72645604
14.535,73.7753983
14.54,73.84772525
14.545,73.89770057
14.55,73.91221862
14.555,73.92580958
14.56,73.94343325
14.565,73.93447762
14.57,73.91871615
14.575,73.94984813
14.58,74.01033025
14.585,74.01471015
14.59,73.92534139
14.595,73.81992514
14.6,73.82678008
14.605,74.01184206
14.61,74.34043868
14.615,74.72497823
14.62,75.11378144
14.625,75.53626159
14.63,76.03769945
14.635,76.60052726
14.64,77.16287066
14.645,77.68508324
14.65,78.17729192
14.655,78.68575827
14.66,79.25453948
14.665,79.88485843
14.67,80.55309468
14.675,81.26541596
14.68,82.05196262
14.685,82.91429081
14.69,83.83953758
14.695,84.84342813
14.7,85.92138739
14.705,87.00907854
14.71,88.04747428
14.715,89.04874986
14.72,90.08028507
14.725,91.18472934
14.73,92.3363562
14.735,93.48424404
14.74,94.61135792
14.745,95.75490476
14.75,96.99324653
14.755,98.42051384
14.76,100.1021599
14.765,102.0047645
14.77,103.9725402
14.775,105.8289384
14.78,107.5167177
14.785,109.1024505
14.79,110.6659086
14.795,112.2407712
14.8,113.8231536
14.805,115.3409831
14.81,116.5990094
14.815,117.33796
14.82,117.4165249
14.825,116.9020313
14.83,115.9576726
14.835,114.7223222
14.84,113.3088628
14.845,111.8107608
14.85,110.2969874
14.855,108.8289814
14.86,107.4511434
14.865,106.1721261
14.87,104.9782334
14.875,103.8491481
14.88,102.7467897
14.885,101.6278548
14.89,100.5079852
14.895,99.46435674
14.9,98.55291226
14.905,97.7685756
14.91,97.0644856
14.915,96.37304968
14.92,95.63547809
14.925,94.84950989
14.93,94.0814518
14.935,93.38722536
14.94,92.72534508
14.945,91.99665549
14.95,91.16450455
14.955,90.29074022
14.96,89.47956906
14.965,88.82565253
14.97,88.36623508
14.975,88.05634305
14.98,87.8043268
14.985,87.51902761
14.99,87.1567376
14.995,86.75290001
15,86.37662041
15.005,86.04644544
15.01,85.71316888
15.015,85.33411165
15.02,84.9359903
15.025,84.56960412
15.03,84.24166183
15.035,83.93665197
15.04,83.64263407
15.045,83.32534916
15.05,82.95441692
15.055,82.55428408
15.06,82.17849813
15.065,81.84410416
15.07,81.48667932
15.075,80.99193415
15.08,80.321838
15.085,79.59417878
15.09,79.00776721
15.095,78.69421417
15.1,78.6276003
15.105,78.67283032
15.11,78.71501813
15.115,78.71844106
15.12,78.68788957
15.125,78.62203901
15.13,78.51086386
15.135,78.34832186
15.14,78.13291525
15.145,77.8876084
15.15,77.67218096
15.155,77.51963346
15.16,77.37019905
15.165,77.12041535
15.17,76.7281643
15.175,76.25111853
15.18,75.81618394
15.185,75.56252317
15.19,75.57258841
15.195,75.81017313
15.2,76.12908179
15.205,76.38964436
15.21,76.54903496
15.215,76.60524593
15.22,76.53128892
15.225,76.3203018
15.23,76.02159329
15.235,75.69409234
15.24,75.38632142
15.245,75.161203
15.25,75.05953857
15.255,75.03990975
15.26,75.00891881
15.265,74.89845707
15.27,74.69193968
15.275,74.42098511
15.28,74.1665297
15.285,74.01420636
15.29,73.99037536
15.295,74.0594741
15.3,74.1662481
15.305,74.27828099
15.31,74.39606743
15.315,74.51316471
15.32,74.59251137
15.325,74.60966024
15.33,74.56422039
15.335,74.42587097
15.34,74.1613967
15.345,73.83376146
15.35,73.58923014
15.355,73.52050164
15.36,73.57993341
15.365,73.64808203
15.37,73.64771507
15.375,73.57237123
15.38,73.47187355
15.385,73.43186443
15.39,73.51092018
15.395,73.67358925
15.4,73.80668341
15.405,73.82056859
15.41,73.72266389
15.415,73.57795353
15.42,73.4092418
15.425,73.16794862
15.43,72.83883126
15.435,72.5310181
15.44,72.39041418
15.445,72.46518076
15.45,72.72186323
15.455,73.13304163
15.46,73.67612816
15.465,74.28392782
15.47,74.8613388
15.475,75.36307429
15.48,75.84609187
15.485,76.41842569
15.49,77.12174827
15.495,77.89355106
15.5,78.63591855
15.505,79.28041452
15.51,79.79620131
15.515,80.18727943
15.52,80.51704249
15.525,80.90496222
15.53,81.46584274
15.535,82.25406685
15.54,83.24835706
15.545,84.38269738
15.55,85.59274654
15.555,86.82738542
15.56,88.04450595
15.565,89.2173395
15.57,90.34773086
15.575,91.46523084
15.58,92.58503678
15.585,93.67315131
15.59,94.68107974
15.595,95.61212234
15.6,96.53317956
15.605,97.52196033
15.61,98.64017747
15.615,99.93867005
15.62,101.4017106
15.625,102.9157987
15.63,104.375839
15.635,105.7892885
15.64,107.2581108
15.645,108.8992272
15.65,110.767276
15.655,112.808839
15.66,114.8691442
15.665,116.7394693
15.67,118.214909
15.675,119.1294515
15.68,119.3585712
15.685,118.8505849
15.69,117.6953935
15.695,116.1232412
15.7,114.4117987
15.705,112.7856293
15.71,111.3545115
15.715,110.1123162
15.72,109.0054135
15.725,107.995669
15.73,107.0485136
15.735,106.1175296
15.74,105.1789523
15.745,104.2425206
15.75,103.3258
15.755,102.4335531
15.76,101.5366637
15.765,100.5873909
15.77,99.5751483
15.775,98.55429733
15.78,97.61686486
15.785,96.82036478
15.79,96.14065464
15.795,95.50123617
15.8,94.83697629
15.805,94.14348917
15.81,93.47519509
15.815,92.90053744
15.82,92.45438681
15.825,92.10958956
15.83,91.78151667
15.835,91.36882983
15.84,90.81654374
15.845,90.1451604
15.85,89.43362083
15.855,88.7819143
15.86,88.24829668
15.865,87.833907
15.87,87.52720393
15.875,87.29715573
15.88,87.06411321
15.885,86.74838275
15.89,86.35078847
15.895,85.94642499
15.9,85.59045337
15.905,85.25658752
15.91,84.87188702
15.915,84.40611299
15.92,83.92161961
15.925,83.51734161
15.93,83.24051644
15.935,83.07167013
15.94,82.96636637
15.945,82.88582099
15.95,82.79616003
15.955,82.66595884
15.96,82.46919857
15.965,82.19036753
15.97,81.84940917
15.975,81.49640993
15.98,81.15781243
15.985,80.85042572
15.99,80.63729352
15.995,80.55718162
16,80.53686057
16.005,80.47585023
16.01,80.35092823
16.015,80.19855964
16.02,80.07200025
16.025,79.99853789
16.03,79.934278
16.035,79.8062394
16.04,79.60504195
16.045,79.38991074
16.05,79.22097033
16.055,79.11665325
16.06,79.05224879
16.065,79.00331893
16.07,78.99544542
16.075,79.0582214
16.08,79.14983615
16.085,79.20226073
16.09,79.19968183
16.095,79.15880331
16.1,79.08906277
16.105,78.99653826
16.11,78.88647762
16.115,78.76059853
16.12,78.6280245
16.125,78.51005393
16.13,78.4213511
16.135,78.3579632
16.14,78.31905325
16.145,78.32316055
16.15,78.38354436
16.155,78.4800512
16.16,78.58192486
16.165,78.68749233
16.17,78.80575855
16.175,78.91381942
16.18,78.96029695
16.185,78.90074573
16.19,78.73779606
16.195,78.54422046
16.2,78.41155117
16.205,78.35867945
16.21,78.33490727
16.215,78.29397323
16.22,78.20706337
16.225,78.04709869
16.23,77.81532815
16.235,77.55579404
16.24,77.32667195
16.245,77.16074298
16.25,77.05289018
16.255,76.99734135
16.26,77.00650123
16.265,77.06908517
16.27,77.14364464
16.275,77.2017573
16.28,77.22581008
16.285,77.19083083
16.29,77.09778294
16.295,76.99896967
16.3,76.95847386
16.305,76.99989205
16.31,77.11373895
16.315,77.295695
16.32,77.55462565
16.325,77.90308838
16.33,78.34179964
16.335,78.84504884
16.34,79.36205646
16.345,79.84942475
16.35,80.32774407
16.355,80.8633249
16.36,81.47004273
16.365,82.0693228
16.37,82.58199679
16.375,83.06677161
16.38,83.68343182
16.385,84.49576543
16.39,85.43506951
16.395,86.44641399
16.4,87.52618046
16.405,88.64100027
16.41,89.73518164
16.415,90.79248819
16.42,91.83514193
16.425,92.90778414
16.43,94.06576326
16.435,95.32098316
16.44,96.59472221
16.445,97.78109471
16.45,98.87496381
16.455,99.98826386
16.46,101.2273509
16.465,102.5984261
16.47,104.046109
16.475,105.525983
16.48,107.0167793
16.485,108.521951
16.49,110.0647772
16.495,111.6655954
16.5,113.3459135
16.505,115.1100512
16.51,116.9049393
16.515,118.6499115
16.52,120.2607506
16.525,121.5838963
16.53,122.3887596
16.535,122.5317588
16.54,122.0886063
16.545,121.2513467
16.55,120.1588534
16.555,118.8666997
16.56,117.4078443
16.565,115.8463857
16.57,114.2785954
16.575,112.8072524
16.58,111.5422537
16.585,110.5586133
16.59,109.798292
16.595,109.0879057
16.6,108.2817134
16.605,107.3291597
16.61,106.2472644
16.615,105.1082895
16.62,104.0077191
16.625,102.9960837
16.63,102.0676948
16.635,101.2052981
16.64,100.4061862
16.645,99.68290033
16.65,99.06233249
16.655,98.55865553
16.66,98.12523489
16.665,97.66801733
16.67,97.12242954
16.675,96.49176756
16.68,95.83106356
16.685,95.22912988
16.69,94.77081748
16.695,94.46834639
16.7,94.22435356
16.705,93.8742105
16.71,93.29352417
16.715,92.49344333
16.72,91.60786666
16.725,90.78851959
16.73,90.11695946
16.735,89.60412861
16.74,89.24655249
16.745,89.02119286
16.75,88.8324218
16.755,88.569492
16.76,88.23008883
16.765,87.90937809
16.77,87.66905794
16.775,87.47547971
16.78,87.26462662
16.785,87.01125031
16.79,86.7063532
16.795,86.33183088
16.8,85.91396898
16.805,85.53278246
16.81,85.24199007
16.815,85.04617979
16.82,84.92804086
16.825,84.82482013
16.83,84.64858566
16.835,84.38526494
16.84,84.10433509
16.845,83.86085106
16.85,83.65033608
16.855,83.462831
16.86,83.32599442
16.865,83.26802786
16.87,83.27441884
16.875,83.30818268
16.88,83.34906621
16.885,83.38204391
16.89,83.36361791
16.895,83.24731847
16.9,83.02568798
16.905,82.7193934
16.91,82.37163506
16.915,82.04527086
16.92,81.76884386
16.925,81.52218848
16.93,81.2990934
16.935,81.12845874
16.94,81.0371594
16.945,81.02363719
16.95,81.04282646
16.955,81.02135227
16.96,80.92694546
16.965,80.81887123
16.97,80.79980898
16.975,80.89894145
16.98,81.02892668
16.985,81.08706597
16.99,81.04870005
16.995,80.94832245
17,80.83959399
17.005,80.76940176
17.01,80.74102859
17.015,80.71233555
17.02,80.6359932
17.025,80.49539159
17.03,80.32138486
17.035,80.17990036
17.04,80.12887476
17.045,80.17478648
17.05,80.26667204
17.055,80.32655884
17.06,80.28491242
17.065,80.10789704
17.07,79.80603157
17.075,79.42453078
17.08,79.02718521
17.085,78.68198687
17.09,78.45531506
17.095,78.40108807
17.1,78.52783468
17.105,78.76513502
17.11,79.00222116
17.115,79.16810122
17.12,79.22296107
17.125,79.12973914
17.13,78.92727128
17.135,78.7531304
17.14,78.70969929
17.145,78.76653576
17.15,78.81885201
17.155,78.80784791
17.16,78.7731868
17.165,78.79567601
17.17,78.93098046
17.175,79.17917425
17.18,79.47429199
17.185,79.75067912
17.19,80.02971329
17.195,80.40230778
17.2,80.94247671
17.205,81.64613524
17.21,82.42354808
17.215,83.15270002
17.22,83.78002053
17.225,84.37031656
17.23,85.02527278
17.235,85.77929614
17.24,86.60419862
17.245,87.46462663
17.25,88.33761947
17.255,89.2121876
17.26,90.10004516
17.265,91.03324352
17.27,92.01556108
17.275,93.00811754
17.28,94.00275976
17.285,95.04873665
17.29,96.18075619
17.295,97.38520197
17.3,98.63651646
17.305,99.92334363
17.31,101.2534285
17.315,102.64446
17.32,104.0943569
17.325,105.5489022
17.33,106.9053669
17.335,108.0788542
17.34,109.0910995
17.345,110.0941303
17.35,111.2970001
17.355,112.8482875
17.36,114.729216
17.365,116.7309537
17.37,118.5776985
17.375,120.0792354
17.38,121.1586218
17.385,121.7873797
17.39,121.9269718
17.395,121.5319244
17.4,120.6236425
17.405,119.3541677
17.41,117.959141
17.415,116.62285
17.42,115.387391
17.425,114.1902378
17.43,112.9807232
17.435,111.766452
17.44,110.5595625
17.445,109.3686465
17.45,108.2327171
17.455,107.2003435
17.46,106.2911242
17.465,105.4781679
17.47,104.7148395
17.475,103.9736149
17.48,103.2145716
17.485,102.3669225
17.49,101.4009025
17.495,100.3796129
17.5,99.42085704
17.505,98.61627118
17.51,97.97788345
17.515,97.44211464
17.52,96.89886517
17.525,96.23661293
17.53,95.41158619
17.535,94.48159321
17.54,93.55110066
17.545,92.70087655
17.55,91.98709621
17.555,91.46015602
17.56,91.14549176
17.565,91.00247972
17.57,90.91534985
17.575,90.75568435
17.58,90.44936087
17.585,89.98950224
17.59,89.42675852
17.595,88.84814257
17.6,88.34083515
17.605,87.94363096
17.61,87.61302617
17.615,87.25485938
17.62,86.81459607
17.625,86.34086005
17.63,85.93237244
17.635,85.6248096
17.64,85.37445261
17.645,85.14036088
17.65,84.92269319
17.655,84.72394087
17.66,84.51628866
17.665,84.25043706
17.67,83.89982675
17.675,83.49643953
17.68,83.10143598
17.685,82.75506083
17.69,82.47519999
17.695,82.27235393
17.7,82.12941657
17.705,81.9850563
17.71,81.77125773
17.715,81.47362861
17.72,81.15442869
17.725,80.90293971
17.73,80.7492618
17.735,80.64345044
17.74,80.52865803
17.745,80.39999216
17.75,80.26110983
17.755,80.08171447
17.76,79.85587644
17.765,79.63294493
17.77,79.45444132
17.775,79.33680999
17.78,79.31181286
17.785,79.41267109
17.79,79.61394218
17.795,79.80922604
17.8,79.86488906
17.805,79.70413062
17.81,79.35781645
17.815,78.95681991
17.82,78.66297882
17.825,78.56085497
17.83,78.59404398
17.835,78.63838517
17.84,78.62537667
17.845,78.55363768
17.85,78.42558924
17.855,78.22343368
17.86,77.9321234
17.865,77.56723943
17.87,77.17827189
17.875,76.83468944
17.88,76.6021256
17.885,76.51073291
17.89,76.55308681
17.895,76.71174165
17.9,76.95614828
17.905,77.20017898
17.91,77.31674035
17.915,77.23970721
17.92,77.00272804
17.925,76.66633914
17.93,76.29076531
17.935,75.96763589
17.94,75.77988734
17.945,75.74492585
17.95,75.82985383
17.955,75.96841756
17.96,76.08354672
17.965,76.13087677
17.97,76.09166594
17.975,75.96566486
17.98,75.7932508
17.985,75.62955062
17.99,75.49193801
17.995,75.36513777
18,75.26662998
18.005,75.26691423
18.01,75.40642823
18.015,75.61899549
18.02,75.79376304
18.025,75.90751558
18.03,76.04217864
18.035,76.2941943
18.04,76.70760706
18.045,77.25713647
18.05,77.87654938
18.055,78.50905718
18.06,79.11715084
18.065,79.67470613
18.07,80.17504466
18.075,80.63467986
18.08,81.08466511
18.085,81.56573881
18.09,82.14901768
18.095,82.92218211
18.1,83.9014123
18.105,84.98466626
18.11,86.04429724
18.115,87.04194069
18.12,87.99296695
18.125,88.89020244
18.13,89.74076492
18.135,90.5782441
18.14,91.40762956
18.145,92.2412399
18.15,93.15749193
18.155,94.2386813
18.16,95.49708691
18.165,96.90192801
18.17,98.41188728
18.175,99.94987499
18.18,101.4217137
18.185,102.7889669
18.19,104.0760057
18.195,105.3276154
18.2,106.6165704
18.205,108.0666917
18.21,109.7979403
18.215,111.8116986
18.22,113.9426825
18.225,115.9465392
18.23,117.617287
18.235,118.8221129
18.24,119.4848639
18.245,119.5715889
18.25,119.088912
18.255,118.1027419
18.26,116.759346
18.265,115.2746295
18.27,113.8615117
18.275,112.6138452
18.28,111.4743135
18.285,110.3396205
18.29,109.1612986
18.295,107.9425069
18.3,106.6918787
18.305,105.4043924
18.31,104.0788833
18.315,102.7620176
18.32,101.5392912
18.325,100.4488447
18.33,99.47101823
18.335,98.59343962
18.34,97.80178723
18.345,97.05355647
18.35,96.31627581
18.355,95.58873439
18.36,94.88533362
18.365,94.2304891
18.37,93.63946844
18.375,93.10127613
18.38,92.59129175
18.385,92.07582032
18.39,91.53625868
18.395,90.99771923
18.4,90.47511337
18.405,89.91876963
18.41,89.26952816
18.415,88.54066558
18.42,87.82128814
18.425,87.19686736
18.43,86.66508915
18.435,86.15698384
18.44,85.62772445
18.445,85.10058574
18.45,84.63893974
18.455,84.28278095
18.46,84.02370998
18.465,83.82246192
18.47,83.61885063
18.475,83.36409905
18.48,83.06159545
18.485,82.73508989
18.49,82.37155864
18.495,81.94741607
18.5,81.48401671
18.505,81.02673392
18.51,80.5927797
18.515,80.16674229
18.52,79.74276297
18.525,79.35942463
18.53,79.06468568
18.535,78.85596694
18.54,78.69168828
18.545,78.5551648
18.55,78.49104696
18.555,78.5699534
18.56,78.81261836
18.565,79.13996686
18.57,79.3934703
18.575,79.43245754
18.58,79.21169169
18.585,78.78543926
18.59,78.2790028
18.595,77.82260883
18.6,77.48753291
18.605,77.27346919
18.61,77.12423317
18.615,76.96728537
18.62,76.76793598
18.625,76.54584882
18.63,76.3340904
18.635,76.14264524
18.64,75.96614527
18.645,75.80676155
18.65,75.67635847
18.655,75.55392879
18.66,75.37064599
18.665,75.10340675
18.67,74.83900642
18.675,74.67874779
18.68,74.62898444
18.685,74.63087398
18.69,74.64290696
18.695,74.64447636
18.7,74.6085436
18.705,74.52308832
18.71,74.40764642
18.715,74.2919245
18.72,74.19853139
18.725,74.13835729
18.73,74.11550821
18.735,74.11633675
18.74,74.08420588
18.745,73.96391446
18.75,73.77684647
18.755,73.6118371
18.76,73.55574303
18.765,73.62102544
18.77,73.72662223
18.775,73.77952399
18.78,73.74976887
18.785,73.65034951
18.79,73.50367422
18.795,73.33720318
18.8,73.18120966
18.805,73.064509
18.81,73.00881724
18.815,73.03157978
18.82,73.15196731
18.825,73.36245194
18.83,73.57726723
18.835,73.65977105
18.84,73.54598542
18.845,73.31121119
18.85,73.0861286
18.855,72.94253773
18.86,72.88476092
18.865,72.88632014
18.87,72.90811379
18.875,72.93268059
18.88,72.97525021
18.885,73.05800577
18.89,73.22064845
18.895,73.53278565
18.9,74.0366628
18.905,74.69591437
18.91,75.42006884
18.915,76.12553082
18.92,76.78574787
18.925,77.42462721
18.93,78.05633952
18.935,78.6594125
18.94,79.22472607
18.945,79.79869637
18.95,80.46716582
18.955,81.31919905
18.96,82.39937313
18.965,83.64547714
18.97,84.89431169
18.975,85.99462293
18.98,86.89777396
18.985,87.64361572
18.99,88.34283715
18.995,89.15126137
19,90.16329366
19.005,91.35974993
19.01,92.6702763
19.015,94.01351428
19.02,95.30318918
19.025,96.48582717
19.03,97.57682595
19.035,98.65696916
19.04,99.832509
19.045,101.1688862
19.05,102.6509156
19.055,104.2281533
19.06,105.8906865
19.065,107.6690128
19.07,109.5597143
19.075,111.4788357
19.08,113.3026015
19.085,114.9127603
19.09,116.1832039
19.095,116.9759152
19.1,117.1926611
19.105,116.8449598
19.11,116.0500734
19.115,114.9473096
19.12,113.6455139
19.125,112.2231852
19.13,110.7361377
19.135,109.2174708
19.14,107.6905139
19.145,106.2057487
19.15,104.8406051
19.155,103.6597383
19.16,102.6806993
19.165,101.8459936
19.17,101.0471357
19.175,100.2090688
19.18,99.33551538
19.185,98.47109104
19.19,97.6519129
19.195,96.89907806
19.2,96.19736761
19.205,95.45329015
19.21,94.57128842
19.215,93.59278184
19.22,92.6664168
19.225,91.90399736
19.23,91.31851476
19.235,90.86233973
19.24,90.48850997
19.245,90.15586001
19.25,89.80149811
19.255,89.35820996
19.26,88.79598965
19.265,88.12937229
19.27,87.38787484
19.275,86.61260737
19.28,85.88278223
19.285,85.28371626
19.29,84.83215282
19.295,84.48656628
19.3,84.21637029
19.305,83.98650937
19.31,83.72645766
19.315,83.38102252
19.32,82.94546231
19.325,82.44663036
19.33,81.91258835
19.335,81.35867731
19.34,80.79708445
19.345,80.2409546
19.35,79.72564658
19.355,79.32933999
19.36,79.11717035
19.365,79.07301485
19.37,79.12467765
19.375,79.22594927
19.38,79.36473181
19.385,79.49346105
19.39,79.54280789
19.395,79.49488886
19.4,79.37342013
19.405,79.20944742
19.41,79.02816305
19.415,78.82424606
19.42,78.57599507
19.425,78.28285265
19.43,77.96371665
19.435,77.64855674
19.44,77.38481316
19.445,77.21266219
19.45,77.10850958
19.455,76.99493804
19.46,76.82093283
19.465,76.59085488
19.47,76.33755638
19.475,76.09479678
19.48,75.87832632
19.485,75.68885951
19.49,75.52240787
19.495,75.37455025
19.5,75.25649028
19.505,75.20731414
19.51,75.26533801
19.515,75.42250788
19.52,75.61543311
19.525,75.76301283
19.53,75.82040042
19.535,75.80003111
19.54,75.73885414
19.545,75.65697382
19.55,75.56303033
19.555,75.47830504
19.56,75.42852846
19.565,75.4304307
19.57,75.48656982
19.575,75.56521866
19.58,75.60257668
19.585,75.55079719
19.59,75.41948094
19.595,75.26534761
19.6,75.12724482
19.605,74.98875132
19.61,74.83419157
19.615,74.68268768
19.62,74.54347835
19.625,74.41515903
19.63,74.33429091
19.635,74.35450662
19.64,74.47117269
19.645,74.60986014
19.65,74.69275431
19.655,74.70345286
19.66,74.67867231
19.665,74.63759545
19.67,74.55963487
19.675,74.42544698
19.68,74.23439946
19.685,73.99841481
19.69,73.74886134
19.695,73.55128302
19.7,73.49873472
19.705,73.67548709
19.71,74.12950579
19.715,74.89344924
19.72,76.00645878
19.725,77.48122199
19.73,79.29410035
19.735,81.4156021
19.74,83.82758
19.745,86.56078652
19.75,89.71229391
19.755,93.38383648
19.76,97.59916099
19.765,102.2382269
19.77,107.0079385
19.775,111.4788944
19.78,115.1374789
19.785,117.4324833
19.79,117.9311812
19.795,116.5857839
19.8,113.8322562
19.805,110.352025
19.81,106.7453474
19.815,103.3898195
19.82,100.4393419
19.825,97.88109481
19.83,95.67070276
19.835,93.81640043
19.84,92.29065523
19.845,90.94146225
19.85,89.5756577
19.855,88.1228158
19.86,86.67695932
19.865,85.37130208
19.87,84.27058661
19.875,83.37194245
19.88,82.63163154
19.885,82.00859509
19.89,81.48163054
19.895,81.00107818
19.9,80.48782334
19.905,79.89222929
19.91,79.22599935
19.915,78.56257759
19.92,78.01957059
19.925,77.70399791
19.93,77.64202898
19.935,77.76846123
19.94,77.96000373
19.945,78.06442059
19.95,77.98194623
19.955,77.75317973
19.96,77.50816528
19.965,77.32284738
19.97,77.15991655
19.975,76.94503045
19.98,76.65890329
19.985,76.33337826
19.99,75.98713391
19.995,75.60608193
20,75.19093763
